group,sku,title,vendor,shopify_qty,net_sold,last_order,last_order_date,proposed_action,shopify_product_id,variant_id
A2-possible-ghost,4838,"Hamoki 100cm Tabletop Chrome Griddle, 2x13amp (NCE4838)",Nationwide Catering Equipment,2,1,NCE1536,2026-02-21,check: is qty accurate or was this never decremented?,9870260207949,50639534457165
A3-likely-consumable,5742,"Hamoki Equipment Stand on Wheels 90cm Length x 70cm Depth, Model-IMT-097S (NCE5742)",Nationwide Catering Equipment,4,1,NCE1539,2026-02-25,probably fine — multi-unit stock (qty much larger than sold count),10238925308237,52308348502349
A3-likely-consumable,5486,Hamoki Stainless Steel Ambient Ingredient Rack (4x1/6GN 100MM) (NCE5486),Nationwide Catering Equipment,3,1,NCE1544,2026-03-03,probably fine — multi-unit stock (qty much larger than sold count),10118853755213,51816795472205
A3-likely-consumable,5266,Hamoki Bar Blender- Spare 2L Jug (NCE5266),Nationwide Catering Equipment,7,1,NCE1546,2026-03-04,probably fine — multi-unit stock (qty much larger than sold count),10041711067469,51482736591181
A1-likely-ghost,4810,Hamoki Free-Standing Single Tank Electric Fryer Single Phase (NCE4810),Nationwide Catering Equipment,1,1,NCE1549,2026-03-05,set qty = 0 (sold at least as many as shown),9854856069453,50571123327309
A2-possible-ghost,2692,"Chefmaster 1000W Programmable Microwave, Model- HEB082., Free Delivery (NCE2692)",Chefmaster,2,1,NCE1555,2026-03-09,check: is qty accurate or was this never decremented?,9101090750797,49132627657037
A3-likely-consumable,5195,Combisteel Chrome Four Tier Wire Shelving Unit 150x45cm (NCE5195),Nationwide Catering Equipment,4,1,NCE1556,2026-03-09,probably fine — multi-unit stock (qty much larger than sold count),10009867878733,51307197202765
A3-likely-consumable,5806,Prepara Aluminium 32cm Pan Lid (NCE5806),Nationwide Catering Equipment,3,1,NCE1558,2026-03-09,probably fine — multi-unit stock (qty much larger than sold count),10263293985101,52386859876685
A1-likely-ghost,5028,"Polar U-Series Undercounter Fridge, Model- UA010 (NCE5028)",Nationwide Catering Equipment,1,1,NCE1559,2026-03-10,set qty = 0 (sold at least as many as shown),9944175935821,50960999842125
A2-possible-ghost,3850,"Ambient Gastronorm Ingredient Rack, Including Gastro Pots & Lids (NCE3850)",Gastronorm,2,1,NCE1561,2026-03-12,check: is qty accurate or was this never decremented?,9101089964365,49132626313549
A3-likely-consumable,5332,Hamoki Stainless Steel Wall Shelf- 120x30cm (NCE5332),Nationwide Catering Equipment,10,1,NCE1562,2026-03-13,probably fine — multi-unit stock (qty much larger than sold count),10119091650893,51817336045901
A1-likely-ghost,5330,Hamoki Stainless Steel Wall Shelf- 60x30cm (NCE5330),Nationwide Catering Equipment,2,2,NCE1562,2026-03-13,set qty = 0 (sold at least as many as shown),10119087751501,51817317728589
A3-likely-consumable,5331,Hamoki Stainless Steel Wall Shelf- 90x30cm (NCE5331),Nationwide Catering Equipment,3,1,NCE1562,2026-03-13,probably fine — multi-unit stock (qty much larger than sold count),10119090176333,51817329852749
A1-likely-ghost,4806,"Hamoki Stainless Steel Single Dishwasher Sink, Right Hand Drainer (NCE4806)",Nationwide Catering Equipment,1,1,NCE1570,2026-03-17,set qty = 0 (sold at least as many as shown),9854745575757,50570745708877
A3-likely-consumable,4156,Hygiplas 20cm Bread Knife (NCE4156),Nationwide Catering Equipment,5,1,NCE1575,2026-03-20,probably fine — multi-unit stock (qty much larger than sold count),9101076300109,49132600754509
A3-likely-consumable,4710,Prepara Stainless Steel Tongs 30cm GREEN (NCE4710),Nationwide Catering Equipment,3,1,NCE1575,2026-03-20,probably fine — multi-unit stock (qty much larger than sold count),9805609075021,50381293977933
A2-possible-ghost,4711,Prepara Stainless Steel Tongs 30cm RED (NCE4711),Nationwide Catering Equipment,2,1,NCE1575,2026-03-20,check: is qty accurate or was this never decremented?,9805618151757,50381371048269
A2-possible-ghost,5282,Stainless Steel Mixing Bowl 40cm / 6.5L (NCE5282),Nationwide Catering Equipment,2,1,NCE1575,2026-03-20,check: is qty accurate or was this never decremented?,10048685408589,51516063056205
A3-likely-consumable,4187,"Chrome 5L Chemical Basket, Wall Hung x1 (NCE4187)",Nationwide Catering Equipment,5,3,NCE1580,2026-03-24,probably fine — multi-unit stock (qty much larger than sold count),9101077512525,49132603441485
A3-likely-consumable,3179,"""This Sink For Food Wash Only"" Food Safety Sticker x1 (NCE3179)",Nationwide Catering Equipment,10,1,NCE1582,2026-03-25,probably fine — multi-unit stock (qty much larger than sold count),9101084688717,49132616646989
A3-likely-consumable,3180,"""This Sink Is For Hand Wash Only"" Food Safety Sticker x1 (NCE3180)",Nationwide Catering Equipment,9,1,NCE1582,2026-03-25,probably fine — multi-unit stock (qty much larger than sold count),9101084721485,49132616712525
A3-likely-consumable,5194,Combisteel Chrome Four Tier Wire Shelving Unit 120x45cm (NCE5194),Nationwide Catering Equipment,5,1,NCE1582,2026-03-25,probably fine — multi-unit stock (qty much larger than sold count),10009866895693,51307194581325
A3-likely-consumable,5810,Genesis Catering Equipment Black Food Probe (NCE5810),Nationwide Catering Equipment,22,1,NCE1582,2026-03-25,probably fine — multi-unit stock (qty much larger than sold count),10263070769485,52385878016333
A3-likely-consumable,5812,"Genesis Catering Equipment-Heat Resistant Silicone Spatula- Medium Size, 34cm (NCE5812)",Nationwide Catering Equipment,7,2,NCE1582,2026-03-25,probably fine — multi-unit stock (qty much larger than sold count),10263074767181,52385886011725
A1-likely-ghost,4514,"Hamoki Stainless Steel 30cm Filler Table, Model- IMT-036B (NCE4514)",Nationwide Catering Equipment,1,10,NCE1581,2026-03-25,set qty = 0 (sold at least as many as shown),9669967053133,49877404778829
A3-likely-consumable,4170,"Hamoki Stainless Steel Table with Upstand And Lower Shelf, 120cmx60cm, Model IMT-126B (NCE4170)",Nationwide Catering Equipment,6,2,NCE1582,2026-03-25,probably fine — multi-unit stock (qty much larger than sold count),9101097632077,49132641616205
A2-possible-ghost,3061,HSE 1-10 Person Catering/Kitchen First Aid Kit (NCE3061),Nationwide Catering Equipment,2,1,NCE1582,2026-03-25,check: is qty accurate or was this never decremented?,9101084164429,49132615663949
A3-likely-consumable,3204,Prepara Stainless Steel Gastronorm Tray 1/1 100mm (NCE3204),Nationwide Catering Equipment,11,4,NCE1582,2026-03-25,probably fine — multi-unit stock (qty much larger than sold count),9101087899981,49132623069517
A3-likely-consumable,5295,"Prepara Stainless Steel Saucepan & Lid, Capacity- 8L/26cm (NCE5295)",Nationwide Catering Equipment,3,2,NCE1582,2026-03-25,probably fine — multi-unit stock (qty much larger than sold count),10054572474701,51547825144141
A3-likely-consumable,4517,"Hamoki Equipment Stand on Wheels 120cm Length x 60cm Depth, Model- IMT-126S (NCE4517)",Nationwide Catering Equipment,6,2,NCE1584,2026-03-28,probably fine — multi-unit stock (qty much larger than sold count),9669973377357,49877451800909
A3-likely-consumable,4886,"Hamoki Stainless Steel Three Tier Over Table Shelf, 180cm (NCE4886)",Nationwide Catering Equipment,4,1,NCE1588,2026-04-02,probably fine — multi-unit stock (qty much larger than sold count),9909736210765,50817725759821
A3-likely-consumable,3060,60 Assorted Blue Catering Plasters x 1Pkt (NCE3060),Nationwide Catering Equipment,7,1,NCE1597,2026-04-14,probably fine — multi-unit stock (qty much larger than sold count),9101092258125,49132630344013
A3-likely-consumable,4844,Cambro Camrack Grey Dishwasher 50x50x10cm Plate Rack/Basket (NCE4844),Nationwide Catering Equipment,32,3,NCE1597,2026-04-14,probably fine — multi-unit stock (qty much larger than sold count),9875800850765,50679094083917
A3-likely-consumable,6127,Diaminox Stainless Steel Dishwasher/Glasswasher Stand With Racking Beneath (NCE6127),Diaminox,8,3,NCE1597,2026-04-14,probably fine — multi-unit stock (qty much larger than sold count),10511042576717,53261163299149
A1-likely-ghost,4597,"Hamoki Pre-Rinse Spray Tap, Model- 231054 (NCE4597)",Nationwide Catering Equipment,1,1,NCE1597,2026-04-14,set qty = 0 (sold at least as many as shown),9725507502413,50121324462413
A3-likely-consumable,4516,"Hamoki Equipment Stand on Wheels 90cm Length x 60cm Depth, Model- IMT-096S (NCE4516)",Nationwide Catering Equipment,3,1,NCE1599,2026-04-15,probably fine — multi-unit stock (qty much larger than sold count),9669972754765,49877448982861
A3-likely-consumable,4808,"Hamoki Stainless Steel Double Dishwasher Sink, Right Hand Drainer (NCE4808)",Nationwide Catering Equipment,3,1,NCE1598,2026-04-15,probably fine — multi-unit stock (qty much larger than sold count),9854746886477,50570757439821
B-dropship-review,7086.0030,"Combisteel Display Chest Freezer 336L/104cm, Model- 7086.0030, Delivery Included",Combisteel,2,1,NCE1572,2026-03-19,"confirm: still held in stock? if drop-ship, untick ""track quantity""",10512033939789,53265103126861
B-dropship-review,7086.0040,"Combisteel Display Chest Freezer 456L/144cm, Model- 7086.0040",Combisteel,15,0,,,"confirm: still held in stock? if drop-ship, untick ""track quantity""",10512034038093,53265103257933
B-dropship-review,7086.0035,"Combisteel Display Freezer 396L/124cm, Model- 7086.0035. Delivery Included",Combisteel,13,0,,,"confirm: still held in stock? if drop-ship, untick ""track quantity""",10512034005325,53265103192397
B-dropship-review,7086.0045,"Combisteel Display Freezer 516L/164cm, Model- 7086.0045. Delivery Included",Combisteel,0,0,,,"confirm: still held in stock? if drop-ship, untick ""track quantity""",10512034070861,53265103290701
B-dropship-review,7950.5360,"Combisteel Stainless Steel 400L Single Upright Freezer, Model- 7950.5360. Delivery Included",Combisteel,0,0,,,"confirm: still held in stock? if drop-ship, untick ""track quantity""",10312437989709,52558561411405
B-dropship-review,7950.5320,"Combisteel Stainless Steel 400L Single Upright Fridge, Model- 7950.5320. Delivery Included",Combisteel,15,0,,,"confirm: still held in stock? if drop-ship, untick ""track quantity""",10312438186317,52558561870157
B-dropship-review,7950.5370,"Combisteel Stainless Steel 600L Single Upright Freezer, Model- 7950.5370. Delivery Included",Combisteel,15,0,,,"confirm: still held in stock? if drop-ship, untick ""track quantity""",10312438120781,52558561837389
B-dropship-review,7950.5335,"Combisteel Stainless Steel 600L Single Upright Fridge, Model-7950.5335. Delivery Included",Combisteel,15,0,,,"confirm: still held in stock? if drop-ship, untick ""track quantity""",10312438088013,52558561804621
B-dropship-review,7950.5350,"Combisteel Stainless Steel Undercounter Freezer, Model- 7950.5350, Delivery Included",Combisteel,15,0,,,"confirm: still held in stock? if drop-ship, untick ""track quantity""",10312438415693,52558563017037
B-dropship-review,7950.5305,"Combisteel Stainless Steel Undercounter Fridge, Model- 7950.5305. Delivery Included",Combisteel,15,0,,,"confirm: still held in stock? if drop-ship, untick ""track quantity""",10312438546765,52558563606861
B-dropship-review,7950.5355,"Combisteel White 400L Single Upright Freezer, Model- 7950.5355. Delivery Included",Combisteel,15,0,,,"confirm: still held in stock? if drop-ship, untick ""track quantity""",10312438219085,52558562230605
B-dropship-review,7950.5315,"Combisteel White 400L Single Upright Fridge, Model- 7950.5315. Delivery Included",Combisteel,7,1,NCE1555,2026-03-09,"confirm: still held in stock? if drop-ship, untick ""track quantity""",10312438481229,52558563246413
B-dropship-review,7950.5330,"Combisteel White 600L Single Upight Fridge, Model- 7950.5330. Delivery Included",Combisteel,15,0,,,"confirm: still held in stock? if drop-ship, untick ""track quantity""",10312438022477,52558561444173
B-dropship-review,7950.5365,"Combisteel White 600L Single Upright Freezer, Model- 7950.5365. Delivery Included",Combisteel,15,1,NCE1568,2026-03-16,"confirm: still held in stock? if drop-ship, untick ""track quantity""",10312438251853,52558562263373
B-dropship-review,6348,"Combisteel White 600L Single Upright Fridge- B-Grade, Model- 7950.5330 (NCE6348)",Combisteel,1,0,,,"confirm: still held in stock? if drop-ship, untick ""track quantity""",10595848257869,53610350412109
B-dropship-review,7450.0563,"Combisteel White 744L Double Upright Fridge, Model- 7450.0563. Delivery Included",Combisteel,15,0,,,"confirm: still held in stock? if drop-ship, untick ""track quantity""",10312438612301,52558563672397
B-dropship-review,7450.0577,"Combisteel White Double Door Upright Freezer, Model- 7450.0577. Delivery Included",Combisteel,15,0,,,"confirm: still held in stock? if drop-ship, untick ""track quantity""",10312438579533,52558563639629
B-dropship-review,7950.5345,"Combisteel White Undercounter Freezer, Model-7950.5345. Delivery Included",Combisteel,15,0,,,"confirm: still held in stock? if drop-ship, untick ""track quantity""",10312438350157,52558562656589
B-dropship-review,7950.5300,"Combisteel White Undercounter Fridge, Model-7950.5300. Delivery Included",Combisteel,15,0,,,"confirm: still held in stock? if drop-ship, untick ""track quantity""",10312438317389,52558562623821
B-dropship-review,NT20-LE,"Prodis Double Door Black Upright Bottle Cooler, Low Energy, Model- NT20-LE. Delivery Included",Nationwide Catering Equipment,9999,0,,,confirm: is qty=9999 intentional?,10478961230157,53127425261901
B-dropship-review,NT20ST-LE,"Prodis Double Door Upright Stainless Steel Low Energy Bottle Cooler, Model-NT20ST-LE. Delivery Included",Nationwide Catering Equipment,9999,0,,,confirm: is qty=9999 intentional?,10478961262925,53127425294669
B-dropship-review,NT2BH-LE,"Prodis Double Hinged Door Low Energy Black Bottle Cooler, Model- NT2BH-LE. Delivery Included",Nationwide Catering Equipment,9999,0,,,confirm: is qty=9999 intentional?,10478960935245,53127424278861
B-dropship-review,NT2BS-LE,"Prodis Double Sliding Door Black Bottle Cooler, Low Energy, Model- NT2BS-LE. Delivery Included",Nationwide Catering Equipment,9999,0,,,confirm: is qty=9999 intentional?,10478961000781,53127424377165
B-dropship-review,GRN-C4F,"Prodis Four Door/223cm Counter Freezer, Model- GRN-C4F. Delivery Included",Nationwide Catering Equipment,9999,0,,,confirm: is qty=9999 intentional?,10482573410637,53144847221069
B-dropship-review,GRN-W4R,"Prodis Four Door/223cm Counter Fridge With Upstand, Model- GRN-W4R. Delivery Included",Nationwide Catering Equipment,9999,0,,,confirm: is qty=9999 intentional?,10482573541709,53144847352141
B-dropship-review,GRN-C4R,"Prodis Four Door/223cm Counter Fridge, Model- GRN-C4R. Delivery Included",Nationwide Catering Equipment,9999,0,,,confirm: is qty=9999 intentional?,10482573476173,53144847286605
B-dropship-review,GRN-W4F,"Prodis Four Door/223m Counter Freezer With Upstand, Model- GRN-W4F. Delivery Included",Nationwide Catering Equipment,9999,0,,,confirm: is qty=9999 intentional?,10482573508941,53144847319373
B-dropship-review,XPD1850-N-G-LE,"Prodis Heavy Duty, Low Energy Triple Door Display Freezer, Model- XPD1850-N-G-LE. Delivery Included",Nationwide Catering Equipment,9999,0,,,confirm: is qty=9999 intentional?,10482573246797,53144847024461
B-dropship-review,NT2BHLO-LE,"Prodis Low Profile/Height Double Hinged Black Bottle Cooler, Model-NT2BHLO-LE. Delivery Included",Nationwide Catering Equipment,9999,0,,,confirm: is qty=9999 intentional?,10478961033549,53127424442701
B-dropship-review,NT2BSLO-LE,"Prodis Low Profile/Height Low Energy Double Sliding Door Bottle Cooler, Model-NT2BSLO-LE. Delivery Included",Nationwide Catering Equipment,9999,0,,,confirm: is qty=9999 intentional?,10478961066317,53127424475469
B-dropship-review,NT1BHLO-LE,"Prodis Low Profile/Height Single Door Low Energy Bottle Cooler, Model- NT1BHLO-LE. Delivery Included",Nationwide Catering Equipment,9999,0,,,confirm: is qty=9999 intentional?,10478960869709,53127424180557
B-dropship-review,NT1BH-LE,"Prodis Single Door Bottle Cooler, Low Energy, Model- NT1BH-LE. Delivery Included",Nationwide Catering Equipment,9999,0,,,confirm: is qty=9999 intentional?,10478960804173,53127424016717
B-dropship-review,NT1SLIM-LE,"Prodis Slimline (50cm) Low Energy Bottle Cooler, Model-  NT1SLIM-LE. Delivery Included",Nationwide Catering Equipment,9999,0,,,confirm: is qty=9999 intentional?,10478960771405,53127423983949
B-dropship-review,NT3ST-LE,"Prodis Stainless Steel Triple Door Bottle Cooler, Low Energy, Model- NT3ST-LE. Delivery Included",Nationwide Catering Equipment,9999,0,,,confirm: is qty=9999 intentional?,10478961164621,53127425098061
B-dropship-review,NT3BH-LE,"Prodis Triple Door Bottle Cooler, Low Energy, Model- NT3BH-LE. Delivery Included",Nationwide Catering Equipment,9999,0,,,confirm: is qty=9999 intentional?,10478961099085,53127424639309
B-dropship-review,NT3BS-LE,"Prodis Triple Sliding Low Energy Bottle Cooler, Model- NT3BS-LE. Delivery Included",Nationwide Catering Equipment,9999,0,,,confirm: is qty=9999 intentional?,10478961131853,53127424672077
B-dropship-review,3793,New Prodis Triple Hinged Door Bottle Cooler NT3BH-HC,Prodis,0,0,,,"confirm: still held in stock? if drop-ship, untick ""track quantity""",9101076037965,49132600131917
B-dropship-review,EC-T12G,"Prodis 120cm 4x1/3GN Tabletop Toppings Fridge With Curved Glass Surround, Model- EC-T12G. Delivery Included",Prodis,9999,1,NCE1554,2026-03-08,"confirm: still held in stock? if drop-ship, untick ""track quantity""",10161274323277,52035196977485
B-dropship-review,EC-T12S,"Prodis 120cm 4x1/3GN Tabletop Toppings Fridge With Stainless Steel Lid, Model- EC-T12S. Delivery Included",Prodis,0,0,,,"confirm: still held in stock? if drop-ship, untick ""track quantity""",10161274388813,52035197043021
B-dropship-review,XMD1200-P-NB-W,"Prodis 128cm Multideck Display Fridge, In White, Model- XMD1200-P-NB-W, Delivery Included",Prodis,9999,0,,,"confirm: still held in stock? if drop-ship, untick ""track quantity""",10161273078093,52035191570765
B-dropship-review,XMD1250-P-FGD-K,"Prodis 131cm/Two Door Panoramic Frameless Glass Door Black Mulitdeck Display Fridge, Model- XMD1250-P-FGD-K. Delivery Included",Prodis,9999,0,,,"confirm: still held in stock? if drop-ship, untick ""track quantity""",10161273110861,52035191603533
B-dropship-review,XMD1250-P-FGD-W,"Prodis 131cm/Two Door Panoramic Frameless Glass Door Multideck -White, Model-XMD1250-P-FGD-W. Delivery Included",Prodis,9999,0,,,"confirm: still held in stock? if drop-ship, untick ""track quantity""",10161273143629,52035191636301
B-dropship-review,EC-T15G,"Prodis 150cm 6x1/3GN Tabletop Toppings Fridge With Curved Glass Surround, Model-EC-T15G. Delivery Included",Prodis,9999,0,,,"confirm: still held in stock? if drop-ship, untick ""track quantity""",10161274421581,52035197075789
B-dropship-review,EC-T15S,"Prodis 150cm 6x1/3GN Tabletop Toppings Fridge With Stainless Steel Lid, Model- EC-T15S. Delivery Included",Prodis,9999,0,,,"confirm: still held in stock? if drop-ship, untick ""track quantity""",10161274454349,52035197108557
B-dropship-review,EC-T18G,"Prodis 180cm 8x1/3GN Tabletop Toppings Fridge With Curved Glass Surround, Model-EC-T18G. Delivery Included",Prodis,9999,0,,,"confirm: still held in stock? if drop-ship, untick ""track quantity""",10161274487117,52035197141325
B-dropship-review,EC-T18S,"Prodis 180cm 8x1/3GN Tabletop Toppings Fridge With Stainless Steel Lid, Model-EC-T18S. Delivery Included",Prodis,9999,0,,,"confirm: still held in stock? if drop-ship, untick ""track quantity""",10161274585421,52035197206861
B-dropship-review,XMD1800-P-NB-W,"Prodis 189cm White Mulitdeck Display Fridge, Model- XMD1800-P-NB-W. Delivery Included",Prodis,9999,0,,,"confirm: still held in stock? if drop-ship, untick ""track quantity""",10161273241933,52035191701837
B-dropship-review,XMD1875-P-FGD-K,"Prodis 194cm/Three Door Panoramic Frameless Glass Door Multideck - Black, Model- XMD1875-P-FGD-K. Delivery Included",Prodis,9999,0,,,"confirm: still held in stock? if drop-ship, untick ""track quantity""",10161273274701,52035191734605
B-dropship-review,XMD1875-P-FGD-W,"Prodis 194cm/Three Door Panoramic Frameless Glass Door Multideck -White, Model-XMD1875-P-FGD-W. Delivery Included",Prodis,9999,0,,,"confirm: still held in stock? if drop-ship, untick ""track quantity""",10161273340237,52035192062285
B-dropship-review,3357,Prodis 2 Sliding Door Bottle Cooler - Model-NT2BS-HC (NCE3357),Prodis,1,0,,,"confirm: still held in stock? if drop-ship, untick ""track quantity""",9101075874125,49132599705933
B-dropship-review,XMD2500-P-FGD-K,"Prodis 256cm/Four Door Panoramic Frameless Glass Door Multideck -Black, Model- XMD2500-P-FGD-K. Delivery Included",Prodis,9999,1,NCE1593,2026-04-10,"confirm: still held in stock? if drop-ship, untick ""track quantity""",10161273373005,52035193864525
B-dropship-review,XMD2500-P-FGD-W,"Prodis 257cm/Four Door Panoramic Frameless Glass Door Multideck -White, Model- XMD2500-P-FGD-W. Delivery Included",Prodis,9999,0,,,"confirm: still held in stock? if drop-ship, untick ""track quantity""",10161273405773,52035193897293
B-dropship-review,XMD900-P-NB-W,"Prodis 98cm Multideck Display Fridge In White, Model- XMD900-P-NB. Delivery Included",Prodis,9999,0,,,"confirm: still held in stock? if drop-ship, untick ""track quantity""",10161273438541,52035193930061
B-dropship-review,4758,"Prodis Arctic, Stainless Steel Lid Chest Freezer, Model- AR450SS (NCE4788)",Prodis,0,0,,,"confirm: still held in stock? if drop-ship, untick ""track quantity""",9828465901901,50493174382925
B-dropship-review,NTBD1,"Prodis Black Horizontal 279L Capacity Bottle Dump, Model- NTBD1. Delivery Included",Prodis,9999,0,,,"confirm: still held in stock? if drop-ship, untick ""track quantity""",10161270817101,52035182526797
B-dropship-review,NTBD2,"Prodis Black Horizontal 417L Capacity Bottle Dump, Model-NTBD2. Delivery Included",Prodis,9999,0,,,"confirm: still held in stock? if drop-ship, untick ""track quantity""",10161270849869,52035182592333
B-dropship-review,NTBD3,"Prodis Black Horizontal 577L Capacity Bottle Dump, Model-NTBD3. Delivery Included",Prodis,9999,0,,,"confirm: still held in stock? if drop-ship, untick ""track quantity""",10161270882637,52035182625101
B-dropship-review,XDA600-P-K-LE,"Prodis Black Single Upright Display Fridge, Model-XDA600-P-K-LE. Delivery Included",Prodis,9999,0,,,"confirm: still held in stock? if drop-ship, untick ""track quantity""",10521736675661,53305898402125
B-dropship-review,C135,"Prodis C135, 135kg Production Ice Maker, 60kg Storage Bin, Crystal Clear Ice",Prodis,9999,0,,,"confirm: still held in stock? if drop-ship, untick ""track quantity""",10161271210317,52035184689485
B-dropship-review,C220M,"Prodis C220M, 220kg Modular Ice Cube Maker",Prodis,9999,0,,,"confirm: still held in stock? if drop-ship, untick ""track quantity""",10161271243085,52035184722253
B-dropship-review,C25,"Prodis C25, 22kg Production Ice Maker, 6kg Storage Bin, Crystal Clear Ice",Prodis,0,0,,,"confirm: still held in stock? if drop-ship, untick ""track quantity""",10161271308621,52035184755021
B-dropship-review,C300M,"Prodis C300M, 300kg Modular Ice Cube Maker",Prodis,0,0,,,"confirm: still held in stock? if drop-ship, untick ""track quantity""",10161271341389,52035184886093
B-dropship-review,C35,"Prodis C35, 33kg Production Ice Maker, 15kg Storage Bin, Crystal Clear Ice",Prodis,9999,0,,,"confirm: still held in stock? if drop-ship, untick ""track quantity""",10161271374157,52035184918861
B-dropship-review,C45,"Prodis C45, 42kg Production Ice Maker, 15kg Storage Bin, Crystal Clear Ice",Prodis,0,0,,,"confirm: still held in stock? if drop-ship, untick ""track quantity""",10161271439693,52035184984397
B-dropship-review,C45P,"Prodis C45P, 42kg Production Ice Maker, 15kg Storage Bin, With Discharge Pump",Prodis,9999,0,,,"confirm: still held in stock? if drop-ship, untick ""track quantity""",10161271472461,52035185017165
B-dropship-review,C60,"Prodis C60, 54kg Production Ice Maker, 30kg Storage Bin, Crystal Clear Ice",Prodis,0,0,,,"confirm: still held in stock? if drop-ship, untick ""track quantity""",10161271505229,52035185049933
B-dropship-review,C80,"Prodis C80, 75kg Production Ice Maker, 40kg Storage Bin, Crystal Clear Ice",Prodis,0,0,,,"confirm: still held in stock? if drop-ship, untick ""track quantity""",10161271570765,52035185115469
B-dropship-review,CD90,"Prodis CD90, 94kg Production Nugget Ice Maker, 20kg Storage",Prodis,0,0,,,"confirm: still held in stock? if drop-ship, untick ""track quantity""",10161271636301,52035185181005
B-dropship-review,AR450SS,"Prodis Chest Freezer , Stainless Steel Top, 450L Capacity, 5 Year Full Warranty, Model-Arctic AR450SS. Delivery Included",Prodis,9999,0,,,"confirm: still held in stock? if drop-ship, untick ""track quantity""",10161273798989,52035194749261
B-dropship-review,AR350SS,"Prodis Chest Freezer, Stainless Steel Top, 350L Capacity, 5 Year Full Warranty, Model-Arctic AR350SS. Delivery Included",Prodis,9999,0,,,"confirm: still held in stock? if drop-ship, untick ""track quantity""",10161273766221,52035194192205
B-dropship-review,AR550SS,"Prodis Chest Freezer, Stainless Steel Top, 550L Capacity, 5 Year Full Warranty, Model-Arctic AR550SS. Delivery Included",Prodis,9999,0,,,"confirm: still held in stock? if drop-ship, untick ""track quantity""",10161273864525,52035194814797
B-dropship-review,AR650SS,"Prodis Chest Freezer, Stainless Steel Top, 650L Capacity, 5 Year Full Warranty, Model- Arctic AR650SS. Delivery Included",Prodis,0,0,,,"confirm: still held in stock? if drop-ship, untick ""track quantity""",10161273897293,52035194847565
B-dropship-review,CR3,"Prodis CR3, 3kg/min Heavy Duty Ice Crusher, 1kg Storage Hopper",Prodis,0,0,,,"confirm: still held in stock? if drop-ship, untick ""track quantity""",10161271669069,52035185213773
B-dropship-review,CR5,"Prodis CR5, 5kg/min Heavy Duty Ice Crusher, 5kg Storage Hopper",Prodis,0,0,,,"confirm: still held in stock? if drop-ship, untick ""track quantity""",10161271800141,52035185279309
B-dropship-review,NVC5,"Prodis Curved Glass Display Freezer, 546L/182cm, Model- NVC5. Delivery Included",Prodis,9999,0,,,"confirm: still held in stock? if drop-ship, untick ""track quantity""",10601604514125,53633815576909
B-dropship-review,NV1,"Prodis Display Chest Freezer, Sliding Lid, 168L Capacity, Model-New Vista NV1. Delivery Included",Prodis,9999,0,,,"confirm: still held in stock? if drop-ship, untick ""track quantity""",10161272619341,52035188588877
B-dropship-review,NV2,"Prodis Display Chest Freezer, Sliding Lid, 261L Capacity, Model-New Vista NV2. Delivery Included",Prodis,0,0,,,"confirm: still held in stock? if drop-ship, untick ""track quantity""",10161272652109,52035189277005
B-dropship-review,NV3,"Prodis Display Chest Freezer, Sliding Lid, 355L Capacity, Model-New Vista NV3. Delivery Included",Prodis,9999,0,,,"confirm: still held in stock? if drop-ship, untick ""track quantity""",10161272684877,52035189309773
B-dropship-review,NV4,"Prodis Display Chest Freezer, Sliding Lid, 436L Capacity, Model- New Vista NV4. Delivery Included",Prodis,9999,0,,,"confirm: still held in stock? if drop-ship, untick ""track quantity""",10161272717645,52035191112013
B-dropship-review,NV5,"Prodis Display Chest Freezer, Sliding Lid, 534L Capcity, Model- New Vista NV5. Delivery Included",Prodis,0,0,,,"confirm: still held in stock? if drop-ship, untick ""track quantity""",10161272783181,52035191144781
B-dropship-review,NT20-HC,"Prodis Double Door Black Upright Bottle Cooler, Model- NT20-HC. Delivery Included",Prodis,0,0,,,"confirm: still held in stock? if drop-ship, untick ""track quantity""",10161270391117,52035182002509
B-dropship-review,XD701,"Prodis Double Door Tall Shop Display Fridge, Model- XD701. Delivery Included",Prodis,9999,0,,,"confirm: still held in stock? if drop-ship, untick ""track quantity""",10161273012557,52035191505229
B-dropship-review,NT2BH-HC,"Prodis Double Hinged Door Black Bottle Cooler, Model- NT2BH-HC. Delivery Included",Prodis,0,0,,,"confirm: still held in stock? if drop-ship, untick ""track quantity""",10161270489421,52035182068045
B-dropship-review,NT20ST-HC,"Prodis Double Hinged Door Stainless Steel Finish Upright Bottle Cooler,Model- NT20ST-LE. Delivery Included",Prodis,0,0,,,"confirm: still held in stock? if drop-ship, untick ""track quantity""",10161270423885,52035182035277
B-dropship-review,NT2BS-HC,"Prodis Double Sliding Door Black Bottle Cooler, Model- NT2BS-HC. Delivery Available",Prodis,9999,0,,,"confirm: still held in stock? if drop-ship, untick ""track quantity""",10161270522189,52035182199117
B-dropship-review,NTKC2,"Prodis Double Tap Keg Cooler, Model- NTKC2.Delivery Included",Prodis,9999,0,,,"confirm: still held in stock? if drop-ship, untick ""track quantity""",10161271112013,52035182821709
B-dropship-review,FISK15,Prodis FISK15 - 1.5m Stainless Steel Fish Display Counter,Prodis,9999,0,,,"confirm: still held in stock? if drop-ship, untick ""track quantity""",10161272226125,52035187769677
B-dropship-review,FISK15C,Prodis FISK15C – 1.5m Refrigerated Stainless Steel Fish Display Counter,Prodis,9999,0,,,"confirm: still held in stock? if drop-ship, untick ""track quantity""",10161272258893,52035187802445
B-dropship-review,FISK20,Prodis FISK20 – 2m Stainless Steel Fish Display Counter,Prodis,9999,0,,,"confirm: still held in stock? if drop-ship, untick ""track quantity""",10161272422733,52035188326733
B-dropship-review,FISK20C,Prodis FISK20C - 2m Refrigered Stainless Steel Fish Display Counter,Prodis,9999,0,,,"confirm: still held in stock? if drop-ship, untick ""track quantity""",10161272455501,52035188392269
B-dropship-review,FISK25,Prodis FISK25 – 2.5m Stainless Steel Fish Display Counter,Prodis,9999,0,,,"confirm: still held in stock? if drop-ship, untick ""track quantity""",10161272488269,52035188425037
B-dropship-review,FISK25C,Prodis FISK25C – 2.5m Stainless Steel Fish Display Counter,Prodis,9999,0,,,"confirm: still held in stock? if drop-ship, untick ""track quantity""",10161272553805,52035188556109
B-dropship-review,NTGFC,"Prodis Glass Door Glass Froster, Model-  NTGFC. Delivery Included",Prodis,0,0,,,"confirm: still held in stock? if drop-ship, untick ""track quantity""",10161270980941,52035182723405
B-dropship-review,JET35P,"Prodis Glasswasher, 13amp, 35cm Basket, Drain Pump,Model-JET35P. Delivery Included",Prodis,9999,0,,,"confirm: still held in stock? if drop-ship, untick ""track quantity""",10161276485965,52035210510669
B-dropship-review,JET35,"Prodis Glasswasher, 13amp, 35cm Basket, Gravity Drain, Model-JET35. Delivery Included",Prodis,9999,0,,,"confirm: still held in stock? if drop-ship, untick ""track quantity""",10161276453197,52035210477901
B-dropship-review,JET40,"Prodis Glasswasher, 13amp, 40cm Basket, Gravity Drain, Model-JET40. Delivery Included",Prodis,9999,0,,,"confirm: still held in stock? if drop-ship, untick ""track quantity""",10161276518733,52035210543437
B-dropship-review,JET50P,"Prodis Glasswasher, 13amp, 50cm Basket, Drain Pump, Model- JET50DP. Delivery Included",Prodis,9999,0,,,"confirm: still held in stock? if drop-ship, untick ""track quantity""",10161276748109,52035210805581
B-dropship-review,JET50,"Prodis Glasswasher, 13amp, 50cm Basket, Gravity Drain, Model-JET50. Delivery Included",Prodis,9999,0,,,"confirm: still held in stock? if drop-ship, untick ""track quantity""",10161276617037,52035210641741
B-dropship-review,EV35,"Prodis Glasswasher, Heavy Duty, 35cm Basket, 13amp, Drain Pump, Model- EV35. Delivery Included",Prodis,9999,0,,,"confirm: still held in stock? if drop-ship, untick ""track quantity""",10161276092749,52035208380749
B-dropship-review,EV40,"Prodis Glasswasher, Heavy Duty, 40cm Basket, 13amp, Drain Pump, Model-EV40. Delivery Included",Prodis,9999,0,,,"confirm: still held in stock? if drop-ship, untick ""track quantity""",10161276125517,52035208413517
B-dropship-review,JET40P,"Prodis Glasswasher- 40cm Basket, 13amp, Drain Pump, Model-JET40P. Delivery Included",Prodis,9999,0,,,"confirm: still held in stock? if drop-ship, untick ""track quantity""",10161276584269,52035210576205
B-dropship-review,EV40G,"Prodis Glasswasher- Heavy Duty, 40cm Basket, 13amp, Gravity Drain, Model-EV40G. Delivery Inlcuded",Prodis,9999,0,,,"confirm: still held in stock? if drop-ship, untick ""track quantity""",10161276158285,52035208446285
B-dropship-review,GR135,"Prodis GR135, 135kg Production Flaked Ice Maker, 40kg Storage Bin",Prodis,0,0,,,"confirm: still held in stock? if drop-ship, untick ""track quantity""",10161271832909,52035185508685
B-dropship-review,GR220,"Prodis GR220, 220kg Production Modular Flaked Ice Maker, Heavy Duty",Prodis,9999,0,,,"confirm: still held in stock? if drop-ship, untick ""track quantity""",10161271865677,52035185541453
B-dropship-review,GR390,"Prodis GR390, 390kg Production Modular Flaked Ice Maker, Heavy Duty",Prodis,0,0,,,"confirm: still held in stock? if drop-ship, untick ""track quantity""",10161271898445,52035187343693
B-dropship-review,GR565,"Prodis GR565, 565kg Production Modular Flaked Ice Maker, Heavy Duty",Prodis,0,0,,,"confirm: still held in stock? if drop-ship, untick ""track quantity""",10161271931213,52035187376461
B-dropship-review,XPD1250-N-G-LE,"Prodis Heavy Duty Double Door Display Freezer, Low Energy, Model- XPD1250-N-G-LE. Delivery Included",Prodis,9999,0,,,"confirm: still held in stock? if drop-ship, untick ""track quantity""",10161273471309,52035193962829
B-dropship-review,XPD1250-P-G-LE,"Prodis Heavy Duty Double Door Display Fridge, Low Energy, Model- XPD1250-P-G-LE. Delivery Included",Prodis,9999,0,,,"confirm: still held in stock? if drop-ship, untick ""track quantity""",10161273536845,52035193995597
B-dropship-review,EV50G,"Prodis Heavy Duty Glasswasher, 30amp/1ph, 50cm Basket, Gravity Drain, Model-EV50G. Delivery Included",Prodis,9999,0,,,"confirm: still held in stock? if drop-ship, untick ""track quantity""",10161276289357,52035208577357
B-dropship-review,EV40S,"Prodis Heavy Duty Glasswasher, 40cm Basket, Softener, 13amp, Drain Pump, Model- EV40S. Delivery Included",Prodis,9999,0,,,"confirm: still held in stock? if drop-ship, untick ""track quantity""",10161276223821,52035208479053
B-dropship-review,EV50,"Prodis Heavy Duty Glasswasher, 50cm Basket, 30amp.1ph, Drain Pump, Model- EV50. Delivery Included",Prodis,9999,0,,,"confirm: still held in stock? if drop-ship, untick ""track quantity""",10161276256589,52035208544589
B-dropship-review,EV50S,"Prodis Heavy Duty Glasswasher, 50cm Basket, 30amp/1ph, Softener, Drain Pump, Model- EV50S. Delivery Included",Prodis,9999,0,,,"confirm: still held in stock? if drop-ship, untick ""track quantity""",10161276322125,52035208610125
B-dropship-review,T1215P-3NT,"Prodis Heavy Duty Pass Through/Hood Dishwasher, 50cm Basket, Drain Pump, Three Phase, Model- T1215P-3NT. Delivery Included",Prodis,9999,0,,,"confirm: still held in stock? if drop-ship, untick ""track quantity""",10161276977485,52035211067725
B-dropship-review,T1215BT,"Prodis Heavy Duty Pass-Through/Hood Dishwasher, 50cm Basket, Air Break Tank, Gravity Drain, Single Phase, Model- T1215BT. Delivery Included",Prodis,9999,0,,,"confirm: still held in stock? if drop-ship, untick ""track quantity""",10161276879181,52035210936653
B-dropship-review,T1215BT-3NT,"Prodis Heavy Duty Pass-Through/Hood Dishwasher, 50cm Basket, Air Break Tank, Gravity Drain, Three Phase, Model-1215BT-3NT. Delivery Included",Prodis,9999,0,,,"confirm: still held in stock? if drop-ship, untick ""track quantity""",10161276911949,52035210969421
B-dropship-review,T1215P,"Prodis Heavy Duty Pass-Through/Hood Dishwasher, 50cm Basket, Drain Pump, Single Phase, Model- T1215P. Delivery Included",Prodis,9999,0,,,"confirm: still held in stock? if drop-ship, untick ""track quantity""",10161276944717,52035211002189
B-dropship-review,T1215-3NT,"Prodis Heavy Duty Pass-Through/Hood Dishwasher, 50cm Basket, Gravity Drain, 1ph/25amp, Model-T1215. Delivery Included",Prodis,9999,0,,,"confirm: still held in stock? if drop-ship, untick ""track quantity""",10161276813645,52035210871117
B-dropship-review,XPD1850-P-G-LE,"Prodis Heavy Duty Triple Door Display Fridge, Low Energy, Model-XPD1850-P-G-LE. Delivery Included",Prodis,0,0,,,"confirm: still held in stock? if drop-ship, untick ""track quantity""",10161273667917,52035194126669
B-dropship-review,EV80,"Prodis Heavy Duty Undercounter Dishwasher, Drain Pump, 30amp/1ph,50cm Basket, Air Break Tank, Model- EV80. Delivery Included",Prodis,9999,0,,,"confirm: still held in stock? if drop-ship, untick ""track quantity""",10161276387661,52035208642893
B-dropship-review,T1215PBT-3NT,"Prodis Heavy Duty, 50cm Basket, Drain Pump, Air Break Tank, Three Phase, Model- T1215PBT-3NT. Delivery Included.",Prodis,9999,0,,,"confirm: still held in stock? if drop-ship, untick ""track quantity""",10161277075789,52035211133261
B-dropship-review,T1215-3NT,"Prodis Heavy-Duty Pass-Through/Hood Dishwasher. Three Phase, 50cm Basket, Gravity Drain, Model-T1215-3NT. Delivery Included",Prodis,9999,0,,,"confirm: still held in stock? if drop-ship, untick ""track quantity""",10161276780877,52035210838349
B-dropship-review,NT1BHSP-HC,"Prodis Left Hand Hinged Single Door Bottle Cooler, Model- NT1BHSP-HC. Delivery Included",Prodis,0,0,,,"confirm: still held in stock? if drop-ship, untick ""track quantity""",10161270260045,52035180101965
B-dropship-review,XD380LH,"Prodis Left Hand Hinged Single Door Upright Display Fridge, Model-  XD380LH. Delivery Included",Prodis,-1,1,NCE1586,2026-03-30,"confirm: still held in stock? if drop-ship, untick ""track quantity""",10161272947021,52035191439693
B-dropship-review,NTDDR,"Prodis Light Duty Single Keg Cooler, Model- NTDDR. Delivery Included",Prodis,9999,0,,,"confirm: still held in stock? if drop-ship, untick ""track quantity""",10161270948173,52035182690637
B-dropship-review,NTDDRSS,"Prodis Light Duty Single Keg Cooler, Stainless Steel Finish, Model-NTDDRSS. Delivery Included",Prodis,9999,0,,,"confirm: still held in stock? if drop-ship, untick ""track quantity""",10161270915405,52035182657869
B-dropship-review,EC-4DSS-LE,"Prodis Low Energy Four Drawer Compact Counter Fridge, Model-EC-4DSS-LE, Delivery Included",Prodis,9999,0,,,"confirm: still held in stock? if drop-ship, untick ""track quantity""",10161274257741,52035196911949
B-dropship-review,XD381-LE,"Prodis Low Energy Single Door Upright Display Fridge, Model- XD381-LE. Delivery Included",Prodis,9999,0,,,"confirm: still held in stock? if drop-ship, untick ""track quantity""",10601604415821,53633815511373
B-dropship-review,NT2ST-LE,"Prodis Low Energy Stainless Steel Double Hinged Door Bottle Cooler, Model-NT2ST-LE. Delivery Included",Prodis,9999,0,,,"confirm: still held in stock? if drop-ship, untick ""track quantity""",10161270587725,52035182264653
B-dropship-review,GRN-1F-LE,"Prodis Low Energy Stainless Steel Single Upright Freezer, 522L Capacity, Model-GRN-1F-LE. Delivery Included",Prodis,9999,0,,,"confirm: still held in stock? if drop-ship, untick ""track quantity""",10161274650957,52035197305165
B-dropship-review,GRN-1R-LE,"Prodis Low Energy Stainless Steel Single Upright Fridge, 522L Capacity, Model- GRN-1R-LE. Delivery Included",Prodis,9999,0,,,"confirm: still held in stock? if drop-ship, untick ""track quantity""",10161274683725,52035197337933
B-dropship-review,NT1ST-LE,"Prodis Low Energy, Stainless Steel Single Door Bottle Cooler, Model-NT1ST-LE. Delivery Included",Prodis,9999,0,,,"confirm: still held in stock? if drop-ship, untick ""track quantity""",10161270358349,52035180200269
B-dropship-review,NT1BHLO-HC,"Prodis Low Profile Single Door Bottle Cooler, Model- NT1BHLO-HC. Delivery Included",Prodis,0,0,,,"confirm: still held in stock? if drop-ship, untick ""track quantity""",10161270227277,52035180069197
B-dropship-review,JET100,"Prodis Pass-Through/Hood Dishwasher, Entry-Level/Electromechincal, 50cm Basket, 1ph/30amp, Gravity Drain, Model-JET100. Delivery Included",Prodis,9999,0,,,"confirm: still held in stock? if drop-ship, untick ""track quantity""",10161276420429,52035208675661
B-dropship-review,PS125,"Prodis PS125, 143kg Production Ice Maker, 50kg Storage Bin, Paddle System Production",Prodis,0,0,,,"confirm: still held in stock? if drop-ship, untick ""track quantity""",10161271963981,52035187409229
B-dropship-review,PS25,"Prodis PS25, 26kg Production Ice Maker, 9kg Storage Bin, Paddle System Production",Prodis,0,0,,,"confirm: still held in stock? if drop-ship, untick ""track quantity""",10161272029517,52035187474765
B-dropship-review,PS35,"Prodis PS35, 31kg Production Ice Maker, 12kg Storage Bin, Paddle System Production",Prodis,0,0,,,"confirm: still held in stock? if drop-ship, untick ""track quantity""",10161272062285,52035187507533
B-dropship-review,PS40,"Prodis PS40, 41kg Production Ice Maker, 12kg Storage Bin, Paddle System Production",Prodis,0,0,,,"confirm: still held in stock? if drop-ship, untick ""track quantity""",10161272095053,52035187540301
B-dropship-review,PS55,"Prodis PS55, 59kg Production Ice Maker, 30kg Storage Bin, Paddle System Production",Prodis,0,0,,,"confirm: still held in stock? if drop-ship, untick ""track quantity""",10161272127821,52035187573069
B-dropship-review,PS75,"Prodis PS75, 83kg Production Ice Maker, 37kg Storage Bin, Paddle System Production",Prodis,9999,0,,,"confirm: still held in stock? if drop-ship, untick ""track quantity""",10161272193357,52035187736909
B-dropship-review,XD380,"Prodis Right Hand Hinged Single Door Upright Display Fridge, Model- XD380. Delivery Included",Prodis,9999,0,,,"confirm: still held in stock? if drop-ship, untick ""track quantity""",10161272914253,52035191406925
B-dropship-review,MX3.10C,Prodis Sincold MX3.10C Counter Top Blast Chiller 3 Tray / 10kg Capacity,Prodis,0,0,,,"confirm: still held in stock? if drop-ship, untick ""track quantity""",10161275797837,52035208053069
B-dropship-review,MX5.12C,Prodis Sincold MX5.12C Compact Blast Chiller 5 Tray / 12kg Capacity,Prodis,0,0,,,"confirm: still held in stock? if drop-ship, untick ""track quantity""",10161275830605,52035208118605
B-dropship-review,MXE10.35,Prodis Sincold MXE10.35 Full Size Blast Chiller 10 Tray / 35kg Capacity,Prodis,0,0,,,"confirm: still held in stock? if drop-ship, untick ""track quantity""",10161275896141,52035208151373
B-dropship-review,MXE14.40,Prodis Sincold MXE14.40 High Capacity Blast Chiller 14 Tray / 40kg Capacity,Prodis,0,0,,,"confirm: still held in stock? if drop-ship, untick ""track quantity""",10161275928909,52035208216909
B-dropship-review,MXE5.20,Prodis Sincold MXE5.20 Counter Height Blast Chiller 5 Tray / 20kg Capacity,Prodis,0,0,,,"confirm: still held in stock? if drop-ship, untick ""track quantity""",10161275994445,52035208282445
B-dropship-review,MXE7.30,Prodis Sincold MXE7.30 Worktop Blast Chiller 7 Tray / 30kg Capacity,Prodis,0,0,,,"confirm: still held in stock? if drop-ship, untick ""track quantity""",10161276059981,52035208347981
B-dropship-review,NT10-HC,"Prodis Single Door Black Upright Bottle Cooler, Model-NT10-LE. Delivery Included",Prodis,0,1,NCE1564,2026-03-15,"confirm: still held in stock? if drop-ship, untick ""track quantity""",10161270096205,52035179970893
B-dropship-review,NT1BH-HC,"Prodis Single Door Bottle Cooler, Model- NT1BH-HC. Delivery Included",Prodis,0,0,,,"confirm: still held in stock? if drop-ship, untick ""track quantity""",10161270161741,52035180036429
B-dropship-review,XD380N,"Prodis Single Door Display Freezer, Model- XD380N. Delivery Included",Prodis,9999,0,,,"confirm: still held in stock? if drop-ship, untick ""track quantity""",10161272979789,52035191472461
B-dropship-review,XPD750-P-G-LE,"Prodis Single Door Heavy Duty Display Fridge, Low Energy, Model- XPD750-P-G-LE. Delivery Included",Prodis,9999,0,,,"confirm: still held in stock? if drop-ship, untick ""track quantity""",10161273635149,52035194093901
B-dropship-review,XPD750-N-G-LE,"Prodis Single Door Heavy Duty, Low Energy Display Freezer, Model-XPD750-N-G-LE. Delivery Included",Prodis,9999,0,,,"confirm: still held in stock? if drop-ship, untick ""track quantity""",10161273602381,52035194028365
B-dropship-review,NT10ST-HC,"Prodis Single Door Stainless Steel Finish Upright Bottle Cooler, Model- NT10ST-HC.Delivery Included",Prodis,0,0,,,"confirm: still held in stock? if drop-ship, untick ""track quantity""",10161270128973,52035180003661
B-dropship-review,NTKC1,"Prodis Single Tap Keg Cooler, Model- NTKC1. Delivery Included",Prodis,9999,0,,,"confirm: still held in stock? if drop-ship, untick ""track quantity""",10161271079245,52035182756173
B-dropship-review,4195,Prodis Single Upright Black Bottle Cooler NT10-HC,Prodis,0,0,,,"confirm: still held in stock? if drop-ship, untick ""track quantity""",9101075939661,49132599935309
B-dropship-review,EC-6DSS,"Prodis Six Drawer Low Energy Compact Counter Fridge, Model-EC-6DSS-LE. Delivery Included",Prodis,0,0,,,"confirm: still held in stock? if drop-ship, untick ""track quantity""",10161274290509,52035196944717
B-dropship-review,NT5-HC,"Prodis Slimline Single Door Black Bottle Cooler, Model- NT5-HC. Delivery Included",Prodis,9999,0,,,"confirm: still held in stock? if drop-ship, untick ""track quantity""",10161270751565,52035182494029
B-dropship-review,NT1SLIM-HC,"Prodis Slimline/50cm Single Door Bottle Cooler, Model- NT1SLIM-HC. Delivery Included",Prodis,0,0,,,"confirm: still held in stock? if drop-ship, untick ""track quantity""",10161270292813,52035180134733
B-dropship-review,GRN-2F,"Prodis Stainless Steel Double Door Upright Freezer, Model-GRN-2F. Delivery Included",Prodis,9999,0,,,"confirm: still held in stock? if drop-ship, untick ""track quantity""",10161274716493,52035197370701
B-dropship-review,GRN-2R,"Prodis Stainless Steel Double Door Upright Fridge, 1325L Capacity, Model- GRN-2R. Delivery Included",Prodis,9999,0,,,"confirm: still held in stock? if drop-ship, untick ""track quantity""",10161274749261,52035197403469
B-dropship-review,NT10ST-LE,"Prodis Stainless Steel Single Door Upright Bottle Cooler, Low Energy, Model- NT10ST-LE. Delivery Included",Prodis,9999,0,,,"confirm: still held in stock? if drop-ship, untick ""track quantity""",10478961197389,53127425163597
B-dropship-review,GRN-1FISH,"Prodis Stainless Steel Single Upright Fish Fridge, 537L Capacity, Model-GRN-1FISH",Prodis,0,0,,,"confirm: still held in stock? if drop-ship, untick ""track quantity""",10161274618189,52035197272397
B-dropship-review,HC410FSS,"Prodis Stainless Steel Single Upright Freezer, 341L Capacity, Model- HC410FSS. Delivery Included",Prodis,9999,0,,,"confirm: still held in stock? if drop-ship, untick ""track quantity""",10161275339085,52035204612429
B-dropship-review,HC610FSS,"Prodis Stainless Steel Single Upright Freezer, 620L Capacity, Model- HC610FSS. Delivery Included",Prodis,9999,0,,,"confirm: still held in stock? if drop-ship, untick ""track quantity""",10161275601229,52035205955917
B-dropship-review,HC610VFSS,"Prodis Stainless Steel Single Upright Freezer, 620L Capacity, Ventilated/Frost Free, Model-HC610VFSS. Delivery Included",Prodis,9999,0,,,"confirm: still held in stock? if drop-ship, untick ""track quantity""",10161275732301,52035208020301
B-dropship-review,HC410VFSS,"Prodis Stainless Steel Single Upright Freezer, Ventilated/Frost Free, 341L Capacity, Model-HC410VFSS. Delivery Inlcuded",Prodis,9999,0,,,"confirm: still held in stock? if drop-ship, untick ""track quantity""",10161275502925,52035205890381
B-dropship-review,HC610RSS,"Prodis Stainless Steel Single Upright Fridge, 620L Capacity, Model- HC610RSS. Delivery Included",Prodis,9999,0,,,"confirm: still held in stock? if drop-ship, untick ""track quantity""",10161275699533,52035207921997
B-dropship-review,HC410RSS,"Prodis Stainless Steel Single Upright Fridge, Capacity- 341L, Model- HC410RSS. Delivery Included",Prodis,9999,0,,,"confirm: still held in stock? if drop-ship, untick ""track quantity""",10161275437389,52035205169485
B-dropship-review,NT3ST-HC,"Prodis Stainless Steel Triple Hinged Door Bottle Cooler, Model- NT3ST. Delivery Available",Prodis,0,0,,,"confirm: still held in stock? if drop-ship, untick ""track quantity""",10161270686029,52035182362957
B-dropship-review,HC210RSS,"Prodis Stainless Steel Undercounter Fridge, Model-HC210RSS. Delivery Included",Prodis,9999,0,,,"confirm: still held in stock? if drop-ship, untick ""track quantity""",10161275240781,52035204514125
B-dropship-review,T1215PBT,"Prodis T1215PBT Heavy Duty 500mm Basket Air Break Tank Hood Dishwasher, Drain Pump, Single Phase",Prodis,9999,0,,,"confirm: still held in stock? if drop-ship, untick ""track quantity""",10161277010253,52035211100493
B-dropship-review,EC-3PREP-LE,"Prodis Three Door Compact Counter Fridge With Toppings Opening,Model- EC-3PREP-LE. Delivery Included",Prodis,9999,0,,,"confirm: still held in stock? if drop-ship, untick ""track quantity""",10161274093901,52035195011405
B-dropship-review,EC-3SALAD,"Prodis Three Door Compact Counter Saladette Fridge, Model-EC-3SALAD-LE. Delivery Included",Prodis,0,0,,,"confirm: still held in stock? if drop-ship, untick ""track quantity""",10161274126669,52035195044173
B-dropship-review,GRN-W3F,"Prodis Three Door Counter Freezer With Upstand, Model- GRN-W3F. Delivery Included",Prodis,9999,0,,,"confirm: still held in stock? if drop-ship, untick ""track quantity""",10161275076941,52035200123213
B-dropship-review,GRN-C3F,"Prodis Three Door Counter Freezer, Model-GRN-C3F. Delivery Included",Prodis,9999,0,,,"confirm: still held in stock? if drop-ship, untick ""track quantity""",10161274880333,52035197501773
B-dropship-review,GRN-W3R,"Prodis Three Door Counter Fridge With Upstand, Model-GRN-W3R. Delivery Included",Prodis,9999,0,,,"confirm: still held in stock? if drop-ship, untick ""track quantity""",10161275109709,52035203694925
B-dropship-review,GRN-C3R,"Prodis Three Door Counter Fridge, Model- GRN-C3R. Delivery Included",Prodis,0,0,,,"confirm: still held in stock? if drop-ship, untick ""track quantity""",10161274913101,52035197534541
B-dropship-review,EC-3PIZZA,"Prodis Three Door Granite Counter Fridge With Topping Unit Above, Model-EC-3PIZZA. Delivery Included",Prodis,0,0,,,"confirm: still held in stock? if drop-ship, untick ""track quantity""",10161274061133,52035194978637
B-dropship-review,EC-3SS,"Prodis Three Door Low Energy Compact Counter Fridge, Model-EC-3SS-LE. Delivery Included",Prodis,0,0,,,"confirm: still held in stock? if drop-ship, untick ""track quantity""",10161274159437,52035196846413
B-dropship-review,NT3BH-HC,"Prodis Triple Hinged Door Black Bottle Cooler, Model- NT3BH-HC. Delivery Included",Prodis,9999,0,,,"confirm: still held in stock? if drop-ship, untick ""track quantity""",10161270620493,52035182297421
B-dropship-review,NT3BS-HC,"Prodis Triple Sliding Door Black Bottle Cooler, Model- NT3BS-HC. Delivery Available",Prodis,0,0,,,"confirm: still held in stock? if drop-ship, untick ""track quantity""",10161270653261,52035182330189
B-dropship-review,EC-2PREP,"Prodis Two Door Compact Counter Fridge With Toppings Opening, Model- EC-2PREP. Delivery Included",Prodis,9999,0,,,"confirm: still held in stock? if drop-ship, untick ""track quantity""",10161273930061,52035194880333
B-dropship-review,EC-2SS,"Prodis Two Door Compact Counter Low Energy Fridge, Model-EC-2SS-LE. Delivery Included",Prodis,0,0,,,"confirm: still held in stock? if drop-ship, untick ""track quantity""",10161273995597,52035194945869
B-dropship-review,EC-2SALAD,"Prodis Two Door Compact Saladette Counter Fridge, Model-EC-2SALAD. Delivery Included",Prodis,9999,0,,,"confirm: still held in stock? if drop-ship, untick ""track quantity""",10161273962829,52035194913101
B-dropship-review,GRN-W2F,"Prodis Two Door Counter Freezer With Upstand, Model- GRN-W2F. Delivery Included",Prodis,9999,0,,,"confirm: still held in stock? if drop-ship, untick ""track quantity""",10161274945869,52035199336781
B-dropship-review,GRN-C2F,"Prodis Two Door Counter Freezer, Model- GRN-C2F. Delivery Included",Prodis,9999,0,,,"confirm: still held in stock? if drop-ship, untick ""track quantity""",10161274782029,52035197436237
B-dropship-review,GRN-W2R,"Prodis Two Door Counter Fridge With Upstand, Model-GRN-W2R. Delivery Included",Prodis,9999,0,,,"confirm: still held in stock? if drop-ship, untick ""track quantity""",10161274978637,52035199369549
B-dropship-review,GRN-C2R,"Prodis Two Door Counter Fridge, Model-GRN-C2R. Delivery Included",Prodis,9999,0,,,"confirm: still held in stock? if drop-ship, untick ""track quantity""",10161274847565,52035197469005
B-dropship-review,6249,"Prodis Two Door Hinged Bottle Cooler, Model- NT2BH (NCE6249)",Prodis,1,0,,,"confirm: still held in stock? if drop-ship, untick ""track quantity""",10570550903117,53497160302925
B-dropship-review,JET50D,"Prodis Undercounter Dishwasher, 50cm Basket, 13amp, Gravity Drain. Model- JET50D. Delivery Included",Prodis,9999,1,NCE1553,2026-03-08,"confirm: still held in stock? if drop-ship, untick ""track quantity""",10161276649805,52035210674509
B-dropship-review,JET50DP,"Prodis Undercounter Dishwasher, Drain Pump, 50cm Basket, 13amp. Model-JET50DP. Delivery Included",Prodis,9999,0,,,"confirm: still held in stock? if drop-ship, untick ""track quantity""",10161276682573,52035210707277
B-dropship-review,XW105,"Prodis Undercounter Drink Cooler, Model- XW105. Delivery Included",Prodis,9999,0,,,"confirm: still held in stock? if drop-ship, untick ""track quantity""",10161271177549,52035184656717
B-dropship-review,HC210FSS,"Prodis Undercounter Stainless Steel Freezer, Model-HC210FSS. Delivery Included",Prodis,9999,0,,,"confirm: still held in stock? if drop-ship, untick ""track quantity""",10161275175245,52035204448589
B-dropship-review,XD1201,"Prodis White Double Door Tall Shop Display Fridge, Model-XD1201. Delivery Included",Prodis,9999,0,,,"confirm: still held in stock? if drop-ship, untick ""track quantity""",10161272815949,52035191210317
B-dropship-review,XD1201S,"Prodis White Double Sliding Door Tall Shop Display Fridge, Model-XD1201S. Delivery Included",Prodis,9999,0,,,"confirm: still held in stock? if drop-ship, untick ""track quantity""",10161272848717,52035191243085
B-dropship-review,XD701S,"Prodis White Double Sliding Door Tall Shop Fridge, Model-XD701S. Delivery Included",Prodis,9999,0,,,"confirm: still held in stock? if drop-ship, untick ""track quantity""",10161273045325,52035191537997
B-dropship-review,6387,"Prodis White Lid Chest Freezer, 154cm/459L Capacity. Model- ARCTIC550W (NCE6387)",Prodis,1,0,,,"confirm: still held in stock? if drop-ship, untick ""track quantity""",10616312299853,53698848194893
B-dropship-review,HC410F,"Prodis White Single Upright Freezer, 341L Capacity, Model- HC410F. Delivery Included",Prodis,9999,0,,,"confirm: still held in stock? if drop-ship, untick ""track quantity""",10161275306317,52035204579661
B-dropship-review,HC610F,"Prodis White Single Upright Freezer, 620L Capacity, Model- HC610F. Delivery Included",Prodis,9999,0,,,"confirm: still held in stock? if drop-ship, untick ""track quantity""",10161275568461,52035205923149
B-dropship-review,HC410R,"Prodis White Single Upright Fridge, 341L Capacity, Model- HC410R. Delivery Included",Prodis,9999,0,,,"confirm: still held in stock? if drop-ship, untick ""track quantity""",10161275404621,52035205136717
B-dropship-review,HC610R,"Prodis White Single Upright Fridge, 620L Capacity, Model-HC610R. Delivery Included",Prodis,9999,0,,,"confirm: still held in stock? if drop-ship, untick ""track quantity""",10161275633997,52035205988685
B-dropship-review,HC210F,"Prodis White Undercounter Freezer, Model- HC210F. Delivery Included",Prodis,9999,0,,,"confirm: still held in stock? if drop-ship, untick ""track quantity""",10161275142477,52035204415821
B-dropship-review,HC210R,"Prodis White Undercounter Fridge, Model- HC210R. Delivery Included",Prodis,9999,0,,,"confirm: still held in stock? if drop-ship, untick ""track quantity""",10161275208013,52035204481357
B-dropship-review,XD380K,Prodis XD380K Black Single Door Tall Display Fridge. Delivery Included,Prodis,0,0,,,"confirm: still held in stock? if drop-ship, untick ""track quantity""",10161271144781,52035182854477
